Diam(km),count_per_million_km,count_error
2.00,97,6.85164972835
2.83,105,6.97190246633
4.00,66,6.09456470964
5.66,39,4.23898089168
8.00,16,2.67856510094
11.31,9,1.53286365995
16.00,3,1.05272551028
22.63,1,0.463161958714
32.00,1,0.19359493795
45.25,0,0.0
64.00,1,0.0
90.51,0,0.0
128.00,0,0.0