Diam(km),count_per_million_km,count_error
2.00,102.00,6.87888479334
2.83,102.00,7.19727663773
4.00,65.00,5.99453743003
5.66,35.00,4.28624299358
8.00,14.00,2.7371866944
11.31,10.00,1.83757557668
16.00,5.00,1.32181655308
22.63,2.00,0.773065973899
32.00,0.00,0.424451410647
45.25,1.00,0.394653012151
64.00,0.00,0.0
90.51,2.00,0.0631189353522
128.00,0.00,0.0631189353522